Ingenieria en Informatica,ingenieria
Ingenieria Comercial,ingenieria
Ingenieria Civil Mecanica,ingenieria
Ingenieria Civil Electronica,ingenieria
Ingenieria Electrica,ingenieria
Ingenieria Industrial,ingenieria
Ingenieria Mecanica,ingenieria
Ingenieria Civil de Minas,ingenieria
Ingenieria en Transportes,ingenieria
Licenciatura en Matematica,ingenieria
Medicina,salud
Enfermeria,salud
Obstetricia y Puericultura,salud
Bioquimica,salud
Tecnologia Medica,salud
Odontologia,salud
Kinesiologia,salud
Fonoaudiologia,salud
Terapia Ocupacional,salud
Arquitectura,artes
Teatro,artes
Interpretacion Musical,artes
Licenciatura en Artes,artes
Pedagogia en Musica,artes
Gestion Cultural,artes
Fotografia,artes
Pedagogia en Artes Visuales,artes
Diseno Grafico,artes
Comunicacion Audiovisual y Multimedia,artes
Artes y Licenciatura en Artes,artes
Licenciatura en Historia,cienciaSociales
Derecho,cienciaSociales
Psicologia,cienciaSociales
Pedagogia en Historia,cienciaSociales
Periodismo,cienciaSociales
Marketing,cienciaSociales
Protocolo y Organizacion de Eventos,cienciaSociales
Sociologia,cienciaSociales
Antropologia,cienciaSociales